Function Name,Exclusive Samples,Exclusive Samples %,Source Line Begin,Source Character Begin,Source Line End,Source Character End,
"[kernel32.dll]",16,0.05,0,0,0,0,
"[ntdll.dll]","3,105",9.80,0,0,0,0,
"[PushRelabel.exe]",880,2.78,0,0,0,0,
"__chvalidator_l",1,0.00,65,0,65,0,
"__chvalidator_l",3,0.01,66,0,66,0,
"__chvalidator_l",23,0.07,68,0,68,0,
"__chvalidator_l",3,0.01,69,0,69,0,
"__chvalidator_l",32,0.10,71,0,71,0,
"__chvalidator_l",4,0.01,77,0,77,0,
"__CrtDefaultAllocHook",7,0.02,47,0,47,0,
"__CrtDefaultAllocHook",2,0.01,48,0,48,0,
"__CrtDefaultAllocHook",10,0.03,49,0,49,0,
"__CrtIsValidHeapPointer",3,0.01,"2,030",0,"2,030",0,
"__CrtIsValidHeapPointer",2,0.01,"2,037",0,"2,037",0,
"__CrtIsValidHeapPointer",8,0.03,"2,040",0,"2,040",0,
"__CrtIsValidHeapPointer",2,0.01,"2,047",0,"2,047",0,
"__CrtIsValidHeapPointer",7,0.02,"2,078",0,"2,078",0,
"__CrtIsValidHeapPointer",10,0.03,"2,103",0,"2,103",0,
"__CrtIsValidPointer",3,0.01,"2,007",0,"2,007",0,
"__CrtIsValidPointer",6,0.02,"2,008",0,"2,008",0,
"__CrtIsValidPointer",4,0.01,"2,009",0,"2,009",0,
"__fileno",1,0.00,40,0,40,0,
"__free_base",18,0.06,42,0,42,0,
"__free_base",1,0.00,47,0,47,0,
"__free_base",2,0.01,53,0,53,0,
"__free_base",4,0.01,109,0,109,0,
"__free_base",4,0.01,110,0,110,0,
"__free_base",9,0.03,115,0,115,0,
"__free_dbg",7,0.02,"1,250",0,"1,250",0,
"__free_dbg",3,0.01,"1,253",0,"1,253",0,
"__free_dbg",6,0.02,"1,258",0,"1,258",0,
"__free_dbg",9,0.03,"1,260",0,"1,260",0,
"__free_dbg",4,0.01,"1,263",0,"1,263",0,
"__free_dbg",6,0.02,"1,265",0,"1,265",0,
"__free_dbg_nolock",2,0.01,"1,273",0,"1,273",0,
"__free_dbg_nolock",2,0.01,"1,293",0,"1,293",0,
"__free_dbg_nolock",12,0.04,"1,295",0,"1,295",0,
"__free_dbg_nolock",26,0.08,"1,305",0,"1,305",0,
"__free_dbg_nolock",14,0.04,"1,317",0,"1,317",0,
"__free_dbg_nolock",5,0.02,"1,320",0,"1,320",0,
"__free_dbg_nolock",7,0.02,"1,323",0,"1,323",0,
"__free_dbg_nolock",3,0.01,"1,326",0,"1,326",0,
"__free_dbg_nolock",8,0.03,"1,329",0,"1,329",0,
"__free_dbg_nolock",13,0.04,"1,352",0,"1,352",0,
"__free_dbg_nolock",4,0.01,"1,378",0,"1,378",0,
"__free_dbg_nolock",4,0.01,"1,390",0,"1,390",0,
"__free_dbg_nolock",4,0.01,"1,394",0,"1,394",0,
"__free_dbg_nolock",6,0.02,"1,397",0,"1,397",0,
"__free_dbg_nolock",8,0.03,"1,403",0,"1,403",0,
"__free_dbg_nolock",13,0.04,"1,405",0,"1,405",0,
"__free_dbg_nolock",1,0.00,"1,407",0,"1,407",0,
"__free_dbg_nolock",5,0.02,"1,413",0,"1,413",0,
"__free_dbg_nolock",2,0.01,"1,415",0,"1,415",0,
"__free_dbg_nolock",3,0.01,"1,419",0,"1,419",0,
"__free_dbg_nolock",3,0.01,"1,420",0,"1,420",0,
"__free_dbg_nolock",9,0.03,"1,425",0,"1,425",0,
"__free_dbg_nolock",8,0.03,"1,426",0,"1,426",0,
"__free_dbg_nolock",1,0.00,"1,428",0,"1,428",0,
"__free_dbg_nolock",5,0.02,"1,436",0,"1,436",0,
"__heap_alloc_base",1,0.00,90,0,90,0,
"__heap_alloc_base",4,0.01,104,0,104,0,
"__heap_alloc_base",9,0.03,105,0,105,0,
"__heap_alloc_base",3,0.01,129,0,129,0,
"__lock",3,0.01,333,0,333,0,
"__lock",17,0.05,338,0,338,0,
"__lock",12,0.04,348,0,348,0,
"__lock",8,0.03,349,0,349,0,
"__Mtxlock",36,0.11,40,0,40,0,
"__Mtxlock",71,0.22,44,0,44,0,
"__Mtxlock",71,0.22,45,0,45,0,
"__Mtxunlock",36,0.11,49,0,49,0,
"__Mtxunlock",36,0.11,50,0,50,0,
"__Mtxunlock",71,0.22,54,0,54,0,
"__nh_malloc_dbg",8,0.03,294,0,294,0,
"__nh_malloc_dbg",3,0.01,295,0,295,0,
"__nh_malloc_dbg",10,0.03,296,0,296,0,
"__nh_malloc_dbg",1,0.00,298,0,298,0,
"__nh_malloc_dbg",1,0.00,302,0,302,0,
"__nh_malloc_dbg",1,0.00,303,0,303,0,
"__read_nolock",1,0.00,144,0,144,0,
"__read_nolock",9,0.03,279,0,279,0,
"__read_nolock",5,0.02,288,0,288,0,
"__read_nolock",3,0.01,289,0,289,0,
"__read_nolock",1,0.00,293,0,293,0,
"__read_nolock",2,0.01,356,0,356,0,
"__unlock",5,0.02,371,0,371,0,
"__unlock",19,0.06,375,0,375,0,
"__unlock",7,0.02,376,0,376,0,
"_atoi",2,0.01,101,0,101,0,
"_atol",2,0.01,57,0,57,0,
"_free",1,0.00,48,0,48,0,
"_free",4,0.01,49,0,49,0,
"_free",14,0.04,50,0,50,0,
"_heap_alloc_dbg_impl",20,0.06,361,0,361,0,
"_heap_alloc_dbg_impl",2,0.01,370,0,370,0,
"_heap_alloc_dbg_impl",3,0.01,383,0,383,0,
"_heap_alloc_dbg_impl",10,0.03,390,0,390,0,
"_heap_alloc_dbg_impl",4,0.01,402,0,402,0,
"_heap_alloc_dbg_impl",2,0.01,407,0,407,0,
"_heap_alloc_dbg_impl",5,0.02,414,0,414,0,
"_heap_alloc_dbg_impl",1,0.00,419,0,419,0,
"_heap_alloc_dbg_impl",9,0.03,427,0,427,0,
"_heap_alloc_dbg_impl",1,0.00,438,0,438,0,
"_heap_alloc_dbg_impl",1,0.00,440,0,440,0,
"_heap_alloc_dbg_impl",4,0.01,452,0,452,0,
"_heap_alloc_dbg_impl",1,0.00,454,0,454,0,
"_heap_alloc_dbg_impl",5,0.02,456,0,456,0,
"_heap_alloc_dbg_impl",1,0.00,460,0,460,0,
"_heap_alloc_dbg_impl",2,0.01,462,0,462,0,
"_heap_alloc_dbg_impl",6,0.02,465,0,465,0,
"_heap_alloc_dbg_impl",2,0.01,466,0,466,0,
"_heap_alloc_dbg_impl",6,0.02,470,0,470,0,
"_heap_alloc_dbg_impl",2,0.01,472,0,472,0,
"_heap_alloc_dbg_impl",3,0.01,473,0,473,0,
"_heap_alloc_dbg_impl",3,0.01,474,0,474,0,
"_heap_alloc_dbg_impl",4,0.01,475,0,475,0,
"_heap_alloc_dbg_impl",1,0.00,476,0,476,0,
"_heap_alloc_dbg_impl",4,0.01,479,0,479,0,
"_heap_alloc_dbg_impl",14,0.04,483,0,483,0,
"_heap_alloc_dbg_impl",9,0.03,484,0,484,0,
"_heap_alloc_dbg_impl",5,0.02,487,0,487,0,
"_heap_alloc_dbg_impl",3,0.01,491,0,491,0,
"_heap_alloc_dbg_impl",5,0.02,497,0,497,0,
"_heap_alloc_dbg_impl",8,0.03,500,0,500,0,
"_heap_alloc_dbg_impl",2,0.01,502,0,502,0,
"_heap_alloc_dbg_impl",12,0.04,503,0,503,0,
"_LocaleUpdate::_LocaleUpdate(struct localeinfo_struct *)",9,0.03,261,0,261,0,
"_LocaleUpdate::_LocaleUpdate(struct localeinfo_struct *)",7,0.02,262,0,262,0,
"_LocaleUpdate::_LocaleUpdate(struct localeinfo_struct *)",14,0.04,278,0,278,0,
"_LocaleUpdate::_LocaleUpdate(struct localeinfo_struct *)",5,0.02,280,0,280,0,
"_LocaleUpdate::~_LocaleUpdate(void)",5,0.02,282,0,282,0,
"_LocaleUpdate::~_LocaleUpdate(void)",18,0.06,283,0,283,0,
"_LocaleUpdate::~_LocaleUpdate(void)",5,0.02,285,0,285,0,
"_LocaleUpdate::GetLocaleT(void)",16,0.05,287,0,287,0,
"_LocaleUpdate::GetLocaleT(void)",1,0.00,288,0,288,0,
"_LocaleUpdate::GetLocaleT(void)",16,0.05,289,0,289,0,
"_malloc",5,0.02,55,0,55,0,
"_malloc",6,0.02,56,0,56,0,
"_malloc",1,0.00,60,0,60,0,
"_malloc",2,0.01,61,0,61,0,
"_memchr",1,0.00,56,0,56,0,
"_memchr",1,0.00,74,0,74,0,
"_memchr",1,0.00,107,0,107,0,
"_memchr",1,0.00,112,0,112,0,
"_memchr",2,0.01,119,0,119,0,
"_memchr",1,0.00,158,0,158,0,
"_memcpy",1,0.00,116,0,116,0,
"_memcpy",1,0.00,324,0,324,0,
"_memcpy",1,0.00,331,0,331,0,
"_memcpy_s",1,0.00,55,0,55,0,
"_memcpy_s",3,0.01,56,0,56,0,
"_memmove_s",2,0.01,60,0,60,0,
"_memset",12,0.04,59,0,59,0,
"_memset",9,0.03,69,0,69,0,
"_memset",17,0.05,71,0,71,0,
"_memset",2,0.01,72,0,72,0,
"_memset",5,0.02,74,0,74,0,
"_memset",2,0.01,78,0,78,0,
"_memset",7,0.02,79,0,79,0,
"_memset",4,0.01,91,0,91,0,
"_memset",7,0.02,92,0,92,0,
"_memset",4,0.01,94,0,94,0,
"_memset",7,0.02,95,0,95,0,
"_memset",3,0.01,98,0,98,0,
"_memset",6,0.02,99,0,99,0,
"_memset",6,0.02,111,0,111,0,
"_memset",3,0.01,113,0,113,0,
"_memset",3,0.01,119,0,119,0,
"_memset",2,0.01,123,0,123,0,
"_memset",1,0.00,124,0,124,0,
"_memset",69,0.22,127,0,127,0,
"_memset",56,0.18,129,0,129,0,
"_memset",12,0.04,130,0,130,0,
"_memset",5,0.02,143,0,143,0,
"_nh_malloc_dbg_impl",2,0.01,232,0,232,0,
"_nh_malloc_dbg_impl",10,0.03,239,0,239,0,
"_nh_malloc_dbg_impl",1,0.00,243,0,243,0,
"_strlen",1,0.00,64,0,64,0,
"_strlen",1,0.00,94,0,94,0,
"_strlen",1,0.00,113,0,113,0,
"_strlen",1,0.00,116,0,116,0,
"_strtol",3,0.01,232,0,232,0,
"_strtol",1,0.00,238,0,238,0,
"CheckBytes",7,0.02,"1,688",0,"1,688",0,
"CheckBytes",6,0.02,"1,689",0,"1,689",0,
"CheckBytes",57,0.18,"1,690",0,"1,690",0,
"CheckBytes",84,0.27,"1,692",0,"1,692",0,
"CheckBytes",6,0.02,"1,697",0,"1,697",0,
"CheckBytes",10,0.03,"1,699",0,"1,699",0,
"CheckBytes",7,0.02,"1,701",0,"1,701",0,
"EdgeEntry::EdgeEntry(int,int,int,class EdgeEntry *)",2,0.01,5,0,5,0,
"EdgeEntry::EdgeEntry(int,int,int,class EdgeEntry *)",1,0.00,7,0,7,0,
"EdgeEntry::EdgeEntry(int,int,int,class EdgeEntry *)",1,0.00,9,0,9,0,
"EdgeEntry::getCapacity(void)",2,0.01,14,0,14,0,
"EdgeEntry::getEndPoint(void)","7,207",22.75,13,0,13,0,
"EdgeEntry::getFlow(void)",3,0.01,17,0,17,0,
"EdgeEntry::getNext(void)","2,850",9.00,21,0,21,0,
"EdgeEntry::getResCapacity(void)",40,0.13,19,0,19,0,
"EdgeEntry::incFlow(int)",96,0.30,16,0,16,0,
"EdgeEntry::isReverseEdge(void)",1,0.00,30,0,30,0,
"EdgeEntry::isSaturated(void)",614,1.94,18,0,18,0,
"EdgeEntry::push(int)",5,0.02,14,0,14,0,
"EdgeEntry::push(int)",10,0.03,15,0,15,0,
"EdgeEntry::push(int)",12,0.04,16,0,16,0,
"EdgeEntry::push(int)",5,0.02,17,0,17,0,
"EdgeEntry::setReversed(class EdgeEntry *)",1,0.00,21,0,21,0,
"fastcopy_I",1,0.00,0,0,0,0,
"Graph::getMaxDistance(void)",4,0.01,22,0,22,0,
"Graph::getNodesNum(void)",102,0.32,20,0,20,0,
"Graph::getPool(void)",25,0.08,25,0,25,0,
"Graph::getSource(void)",96,0.30,18,0,18,0,
"Graph::getTarget(void)",23,0.07,19,0,19,0,
"Graph::readGraph(class std::basic_string<char,struct std::char_traits<char>,class std::allocator<char> >)",1,0.00,45,0,45,0,
"Graph::readGraph(class std::basic_string<char,struct std::char_traits<char>,class std::allocator<char> >)",1,0.00,47,0,47,0,
"Graph::readGraph(class std::basic_string<char,struct std::char_traits<char>,class std::allocator<char> >)",2,0.01,87,0,87,0,
"Graph::readGraph(class std::basic_string<char,struct std::char_traits<char>,class std::allocator<char> >)",1,0.00,88,0,88,0,
"Graph::readGraph(class std::basic_string<char,struct std::char_traits<char>,class std::allocator<char> >)",2,0.01,89,0,89,0,
"Graph::readGraph(class std::basic_string<char,struct std::char_traits<char>,class std::allocator<char> >)",1,0.00,90,0,90,0,
"Graph::readGraph(class std::basic_string<char,struct std::char_traits<char>,class std::allocator<char> >)",4,0.01,91,0,91,0,
"Graph::readGraph(class std::basic_string<char,struct std::char_traits<char>,class std::allocator<char> >)",1,0.00,93,0,93,0,
"Graph::readGraph(class std::basic_string<char,struct std::char_traits<char>,class std::allocator<char> >)",2,0.01,94,0,94,0,
"Graph::readGraph(class std::basic_string<char,struct std::char_traits<char>,class std::allocator<char> >)",2,0.01,97,0,97,0,
"HighLabelQueue::addNode(class Node *)",3,0.01,15,0,15,0,
"HighLabelQueue::addNode(class Node *)",12,0.04,16,0,16,0,
"HighLabelQueue::addNode(class Node *)",11,0.03,18,0,18,0,
"HighLabelQueue::addNode(class Node *)",6,0.02,19,0,19,0,
"HighLabelQueue::addNode(class Node *)",14,0.04,20,0,20,0,
"HighLabelQueue::addNode(class Node *)",11,0.03,21,0,21,0,
"HighLabelQueue::addNode(class Node *)",3,0.01,22,0,22,0,
"HighLabelQueue::DList::insertFront(class Node *)",2,0.01,52,0,52,0,
"HighLabelQueue::DList::insertFront(class Node *)",8,0.03,54,0,54,0,
"HighLabelQueue::DList::insertFront(class Node *)",35,0.11,56,0,56,0,
"HighLabelQueue::DList::insertFront(class Node *)",5,0.02,57,0,57,0,
"HighLabelQueue::DList::insertFront(class Node *)",3,0.01,58,0,58,0,
"HighLabelQueue::DList::insertFront(class Node *)",1,0.00,59,0,59,0,
"HighLabelQueue::DList::insertFront(class Node *)",1,0.00,61,0,61,0,
"HighLabelQueue::DList::insertFront(class Node *)",4,0.01,64,0,64,0,
"HighLabelQueue::DList::insertFront(class Node *)",1,0.00,67,0,67,0,
"HighLabelQueue::DList::insertFront(class Node *)",2,0.01,69,0,69,0,
"HighLabelQueue::DList::insertFront(class Node *)",1,0.00,74,0,74,0,
"HighLabelQueue::DList::removeFront(void)",4,0.01,79,0,79,0,
"HighLabelQueue::DList::removeFront(void)",5,0.02,80,0,80,0,
"HighLabelQueue::DList::removeFront(void)",4,0.01,82,0,82,0,
"HighLabelQueue::DList::removeFront(void)",12,0.04,83,0,83,0,
"HighLabelQueue::DList::removeFront(void)",8,0.03,84,0,84,0,
"HighLabelQueue::DList::removeFront(void)",8,0.03,87,0,87,0,
"HighLabelQueue::DList::removeFront(void)",12,0.04,88,0,88,0,
"HighLabelQueue::DList::removeFront(void)",14,0.04,89,0,89,0,
"HighLabelQueue::findNewPtr(void)",3,0.01,34,0,34,0,
"HighLabelQueue::findNewPtr(void)",1,0.00,35,0,35,0,
"HighLabelQueue::findNewPtr(void)",6,0.02,36,0,36,0,
"HighLabelQueue::findNewPtr(void)",80,0.25,38,0,38,0,
"HighLabelQueue::findNewPtr(void)",451,1.42,40,0,40,0,
"HighLabelQueue::findNewPtr(void)",12,0.04,42,0,42,0,
"HighLabelQueue::findNewPtr(void)",5,0.02,43,0,43,0,
"HighLabelQueue::findNewPtr(void)",1,0.00,45,0,45,0,
"HighLabelQueue::findNewPtr(void)",86,0.27,46,0,46,0,
"HighLabelQueue::findNewPtr(void)",74,0.23,47,0,47,0,
"HighLabelQueue::findNewPtr(void)",8,0.03,48,0,48,0,
"HighLabelQueue::getNode(void)",5,0.02,25,0,25,0,
"HighLabelQueue::getNode(void)",9,0.03,26,0,26,0,
"HighLabelQueue::getNode(void)",18,0.06,27,0,27,0,
"HighLabelQueue::getNode(void)",27,0.09,28,0,28,0,
"HighLabelQueue::getNode(void)",6,0.02,29,0,29,0,
"HighLabelQueue::getNode(void)",6,0.02,31,0,31,0,
"Node::addEdge(class EdgeEntry *)",1,0.00,6,0,6,0,
"Node::addEdge(class EdgeEntry *)",3,0.01,9,0,9,0,
"Node::decExcess(int)",4,0.01,24,0,24,0,
"Node::decExcess(int)",7,0.02,25,0,25,0,
"Node::decExcess(int)",4,0.01,28,0,28,0,
"Node::decExcess(int)",5,0.02,29,0,29,0,
"Node::getAdjList(void)",178,0.56,29,0,29,0,
"Node::getExcess(void)",139,0.44,23,0,23,0,
"Node::getID(void)",59,0.19,27,0,27,0,
"Node::getLabel(void)","1,626",5.13,21,0,21,0,
"Node::getLastEdge(void)",5,0.02,30,0,30,0,
"Node::incExcess(int)",52,0.16,25,0,25,0,
"Node::Node(void)",1,0.00,14,0,14,0,
"Node::Node(void)",1,0.00,16,0,16,0,
"Node::setLabel(int)",618,1.95,22,0,22,0,
"NodePool::isEmpty(void)",41,0.13,12,0,12,0,
"operator new(unsigned int)",4,0.01,57,0,57,0,
"operator new(unsigned int)",11,0.03,59,0,59,0,
"operator new(unsigned int)",2,0.01,67,0,67,0,
"operator new(unsigned int,void *)",17,0.05,58,0,58,0,
"operator new(unsigned int,void *)",9,0.03,59,0,59,0,
"operator new(unsigned int,void *)",68,0.21,60,0,60,0,
"PushRelabel::discharge(class Node *)",11,0.03,261,0,261,0,
"PushRelabel::discharge(class Node *)",3,0.01,262,0,262,0,
"PushRelabel::discharge(class Node *)",1,0.00,263,0,263,0,
"PushRelabel::discharge(class Node *)",5,0.02,266,0,266,0,
"PushRelabel::discharge(class Node *)",4,0.01,270,0,270,0,
"PushRelabel::discharge(class Node *)",46,0.15,272,0,272,0,
"PushRelabel::discharge(class Node *)",33,0.10,275,0,275,0,
"PushRelabel::discharge(class Node *)",1,0.00,279,0,279,0,
"PushRelabel::discharge(class Node *)",14,0.04,280,0,280,0,
"PushRelabel::discharge(class Node *)",17,0.05,283,0,283,0,
"PushRelabel::discharge(class Node *)",5,0.02,284,0,284,0,
"PushRelabel::discharge(class Node *)",4,0.01,287,0,287,0,
"PushRelabel::discharge(class Node *)",4,0.01,291,0,291,0,
"PushRelabel::discharge(class Node *)",6,0.02,292,0,292,0,
"PushRelabel::discharge(class Node *)",8,0.03,294,0,294,0,
"PushRelabel::discharge(class Node *)",4,0.01,297,0,297,0,
"PushRelabel::discharge(class Node *)",5,0.02,300,0,300,0,
"PushRelabel::discharge(class Node *)",3,0.01,301,0,301,0,
"PushRelabel::discharge_back(class Node *)",1,0.00,405,0,405,0,
"PushRelabel::findClosestPushBack(class Node *)",2,0.01,454,0,454,0,
"PushRelabel::isAdmissible(class Node *,class EdgeEntry *)",15,0.05,304,0,304,0,
"PushRelabel::isAdmissible(class Node *,class EdgeEntry *)",88,0.28,306,0,306,0,
"PushRelabel::isAdmissible(class Node *,class EdgeEntry *)",30,0.09,307,0,307,0,
"PushRelabel::preflow(void)",8,0.03,252,0,252,0,
"PushRelabel::preflow(void)",31,0.10,254,0,254,0,
"PushRelabel::preflow(void)",16,0.05,255,0,255,0,
"PushRelabel::push(int,class EdgeEntry *,int)",6,0.02,310,0,310,0,
"PushRelabel::push(int,class EdgeEntry *,int)",3,0.01,311,0,311,0,
"PushRelabel::push(int,class EdgeEntry *,int)",3,0.01,312,0,312,0,
"PushRelabel::push(int,class EdgeEntry *,int)",1,0.00,318,0,318,0,
"PushRelabel::push(int,class EdgeEntry *,int)",2,0.01,319,0,319,0,
"PushRelabel::push(int,class EdgeEntry *,int)",3,0.01,320,0,320,0,
"PushRelabel::push(int,class EdgeEntry *,int)",2,0.01,322,0,322,0,
"PushRelabel::push(int,class EdgeEntry *,int)",8,0.03,327,0,327,0,
"PushRelabel::relabel(class Node *)",1,0.00,330,0,330,0,
"PushRelabel::relabel(class Node *)",1,0.00,332,0,332,0,
"PushRelabel::relabel(class Node *)",4,0.01,335,0,335,0,
"PushRelabel::relabel(class Node *)",16,0.05,337,0,337,0,
"PushRelabel::relabel(class Node *)",51,0.16,340,0,340,0,
"PushRelabel::relabel(class Node *)",6,0.02,341,0,341,0,
"PushRelabel::relabel(class Node *)",10,0.03,343,0,343,0,
"PushRelabel::relabel(class Node *)",3,0.01,344,0,344,0,
"PushRelabel::relabel(class Node *)",15,0.05,346,0,346,0,
"PushRelabel::relabel(class Node *)",1,0.00,350,0,350,0,
"PushRelabel::relabel(class Node *)",11,0.03,351,0,351,0,
"PushRelabel::relabel(class Node *)",5,0.02,354,0,354,0,
"PushRelabel::relabel(class Node *)",4,0.01,358,0,358,0,
"PushRelabel::updateLabels(bool)",57,0.18,188,0,188,0,
"PushRelabel::updateLabels(bool)",31,0.10,189,0,189,0,
"PushRelabel::updateLabels(bool)",99,0.31,198,0,198,0,
"PushRelabel::updateLabels(bool)",267,0.84,200,0,200,0,
"PushRelabel::updateLabels(bool)",65,0.21,203,0,203,0,
"PushRelabel::updateLabels(bool)",6,0.02,212,0,212,0,
"PushRelabel::updateLabels(bool)",38,0.12,216,0,216,0,
"PushRelabel::updateLabels(bool)",30,0.09,217,0,217,0,
"PushRelabel::updateLabels(bool)",19,0.06,221,0,221,0,
"PushRelabel::updateLabels(bool)",64,0.20,223,0,223,0,
"PushRelabel::updateLabels(bool)",337,1.06,224,0,224,0,
"PushRelabel::updateLabels(bool)",240,0.76,226,0,226,0,
"PushRelabel::updateLabels(bool)",103,0.33,231,0,231,0,
"PushRelabel::updateLabels(bool)",42,0.13,232,0,232,0,
"PushRelabel::updateLabels(bool)",128,0.40,235,0,235,0,
"PushRelabel::updateLabels(bool)",75,0.24,236,0,236,0,
"PushRelabel::updateLabels(bool)",9,0.03,238,0,238,0,
"std::_Allocate<int>(unsigned int,int *)",1,0.00,39,0,39,0,
"std::_Char_traits_cat<struct std::char_traits<char> >(void)",1,0.00,578,0,578,0,
"std::_Construct<int,int>(int *,int const &)",27,0.09,50,0,50,0,
"std::_Construct<int,int>(int *,int const &)",6,0.02,51,0,51,0,
"std::_Construct<int,int>(int *,int const &)",182,0.57,52,0,52,0,
"std::_Construct<int,int>(int *,int const &)",26,0.08,53,0,53,0,
"std::_Container_base_secure::_Container_base_secure(void)",4,0.01,99,0,99,0,
"std::_Container_base_secure::_Container_base_secure(void)",1,0.00,100,0,100,0,
"std::_Container_base_secure::_Orphan_all(void)const ",33,0.10,217,0,217,0,
"std::_Container_base_secure::_Orphan_all(void)const ",12,0.04,218,0,218,0,
"std::_Container_base_secure::_Orphan_all(void)const ",13,0.04,219,0,219,0,
"std::_Container_base_secure::_Orphan_all(void)const ",5,0.02,221,0,221,0,
"std::_Container_base_secure::_Orphan_all(void)const ",10,0.03,222,0,222,0,
"std::_Container_base_secure::_Orphan_all(void)const ",13,0.04,224,0,224,0,
"std::_Container_base_secure::_Orphan_all(void)const ",37,0.12,226,0,226,0,
"std::_Container_base_secure::~_Container_base_secure(void)",1,0.00,113,0,113,0,
"std::_Container_base_secure::~_Container_base_secure(void)",4,0.01,115,0,115,0,
"std::_Debug_lt<int,int>(int const &,int const &,wchar_t const *,unsigned int)",1,0.00,260,0,260,0,
"std::_Debug_lt<int,int>(int const &,int const &,wchar_t const *,unsigned int)",8,0.03,261,0,261,0,
"std::_Debug_lt<int,int>(int const &,int const &,wchar_t const *,unsigned int)",4,0.01,262,0,262,0,
"std::_Debug_lt<int,int>(int const &,int const &,wchar_t const *,unsigned int)",3,0.01,266,0,266,0,
"std::_Debug_pointer<char>(char const *,wchar_t const *,unsigned int)",3,0.01,"1,538",0,"1,538",0,
"std::_Debug_pointer<char>(char const *,wchar_t const *,unsigned int)",1,0.00,"1,540",0,"1,540",0,
"std::_Deque_const_iterator<int,class std::allocator<int>,1>::_Deque_const_iterator<int,class std::allocator<int>,1>(unsigned int,class std::_Container_base_secure const *)",122,0.39,92,0,92,0,
"std::_Deque_const_iterator<int,class std::allocator<int>,1>::_Deque_const_iterator<int,class std::allocator<int>,1>(unsigned int,class std::_Container_base_secure const *)",116,0.37,96,0,96,0,
"std::_Deque_const_iterator<int,class std::allocator<int>,1>::_Deque_const_iterator<int,class std::allocator<int>,1>(unsigned int,class std::_Container_base_secure const *)",19,0.06,98,0,98,0,
"std::_Deque_const_iterator<int,class std::allocator<int>,1>::_Deque_const_iterator<int,class std::allocator<int>,1>(unsigned int,class std::_Container_base_secure const *)",13,0.04,99,0,99,0,
"std::_Deque_const_iterator<int,class std::allocator<int>,1>::_Deque_const_iterator<int,class std::allocator<int>,1>(unsigned int,class std::_Container_base_secure const *)",32,0.10,100,0,100,0,
"std::_Deque_const_iterator<int,class std::allocator<int>,1>::~_Deque_const_iterator<int,class std::allocator<int>,1>(void)",141,0.45,0,0,0,0,
"std::_Deque_const_iterator<int,class std::allocator<int>,1>::operator*(void)const ",24,0.08,103,0,103,0,
"std::_Deque_const_iterator<int,class std::allocator<int>,1>::operator*(void)const ",17,0.05,104,0,104,0,
"std::_Deque_const_iterator<int,class std::allocator<int>,1>::operator*(void)const ",22,0.07,105,0,105,0,
"std::_Deque_const_iterator<int,class std::allocator<int>,1>::operator*(void)const ",224,0.71,109,0,109,0,
"std::_Deque_const_iterator<int,class std::allocator<int>,1>::operator*(void)const ",44,0.14,114,0,114,0,
"std::_Deque_const_iterator<int,class std::allocator<int>,1>::operator*(void)const ",80,0.25,116,0,116,0,
"std::_Deque_const_iterator<int,class std::allocator<int>,1>::operator*(void)const ",47,0.15,117,0,117,0,
"std::_Deque_iterator<int,class std::allocator<int>,1>::_Deque_iterator<int,class std::allocator<int>,1>(unsigned int,class std::_Container_base_secure const *)",54,0.17,381,0,381,0,
"std::_Deque_iterator<int,class std::allocator<int>,1>::_Deque_iterator<int,class std::allocator<int>,1>(unsigned int,class std::_Container_base_secure const *)",44,0.14,382,0,382,0,
"std::_Deque_iterator<int,class std::allocator<int>,1>::~_Deque_iterator<int,class std::allocator<int>,1>(void)",231,0.73,0,0,0,0,
"std::_Deque_iterator<int,class std::allocator<int>,1>::operator*(void)const ",31,0.10,385,0,385,0,
"std::_Deque_iterator<int,class std::allocator<int>,1>::operator*(void)const ",1,0.00,386,0,386,0,
"std::_Deque_iterator<int,class std::allocator<int>,1>::operator*(void)const ",37,0.12,387,0,387,0,
"std::_Destroy<int>(int *)",20,0.06,58,0,58,0,
"std::_Destroy<int>(int *)",41,0.13,60,0,60,0,
"std::_Fill_n<int * *,unsigned int,int *>(int * *,unsigned int,int * const &,struct std::_Range_checked_iterator_tag)",1,0.00,"3,171",0,"3,171",0,
"std::_Iterator_base::_Adopt(class std::_Container_base_secure const *)",64,0.20,165,0,165,0,
"std::_Iterator_base::_Adopt(class std::_Container_base_secure const *)",80,0.25,166,0,166,0,
"std::_Iterator_base::_Adopt(class std::_Container_base_secure const *)",20,0.06,168,0,168,0,
"std::_Iterator_base::_Adopt(class std::_Container_base_secure const *)",8,0.03,169,0,169,0,
"std::_Iterator_base::_Adopt(class std::_Container_base_secure const *)",11,0.03,170,0,170,0,
"std::_Iterator_base::_Adopt(class std::_Container_base_secure const *)",10,0.03,172,0,172,0,
"std::_Iterator_base::_Adopt(class std::_Container_base_secure const *)",14,0.04,173,0,173,0,
"std::_Iterator_base::_Adopt(class std::_Container_base_secure const *)",33,0.10,175,0,175,0,
"std::_Iterator_base::_Adopt(class std::_Container_base_secure const *)",33,0.10,176,0,176,0,
"std::_Iterator_base::_Adopt(class std::_Container_base_secure const *)",62,0.20,177,0,177,0,
"std::_Iterator_base::_Iterator_base(void)",72,0.23,138,0,138,0,
"std::_Iterator_base::_Iterator_base(void)",71,0.22,139,0,139,0,
"std::_Iterator_base::_Orphan_me(void)",52,0.16,180,0,180,0,
"std::_Iterator_base::_Orphan_me(void)",25,0.08,181,0,181,0,
"std::_Iterator_base::_Orphan_me(void)",19,0.06,184,0,184,0,
"std::_Iterator_base::_Orphan_me(void)",119,0.38,185,0,185,0,
"std::_Iterator_base::_Orphan_me(void)",37,0.12,188,0,188,0,
"std::_Iterator_base::_Orphan_me(void)",30,0.09,190,0,190,0,
"std::_Iterator_base::_Orphan_me(void)",11,0.03,191,0,191,0,
"std::_Iterator_base::_Orphan_me(void)",87,0.27,193,0,193,0,
"std::_Iterator_base::~_Iterator_base(void)",51,0.16,159,0,159,0,
"std::_Iterator_base::~_Iterator_base(void)",28,0.09,160,0,160,0,
"std::_Iterator_base::~_Iterator_base(void)",8,0.03,161,0,161,0,
"std::_Iterator_base::~_Iterator_base(void)",77,0.24,162,0,162,0,
"std::_Iterator_with_base<struct std::random_access_iterator_tag,int,int,int const *,int const &,class std::_Iterator_base>::_Iterator_with_base<struct std::random_access_iterator_tag,int,int,int const *,int const &,class std::_Iterator_base>(void)",74,0.23,0,0,0,0,
"std::_Iterator_with_base<struct std::random_access_iterator_tag,int,int,int const *,int const &,class std::_Iterator_base>::~_Iterator_with_base<struct std::random_access_iterator_tag,int,int,int const *,int const &,class std::_Iterator_base>(void)",75,0.24,0,0,0,0,
"std::_Lockit::_Lockit(int)",184,0.58,62,0,62,0,
"std::_Lockit::_Lockit(int)",230,0.73,63,0,63,0,
"std::_Lockit::_Lockit(int)",250,0.79,64,0,64,0,
"std::_Lockit::_Lockit(int)",69,0.22,65,0,65,0,
"std::_Lockit::~_Lockit(void)",72,0.23,68,0,68,0,
"std::_Lockit::~_Lockit(void)",210,0.66,69,0,69,0,
"std::_Lockit::~_Lockit(void)",257,0.81,70,0,70,0,
"std::_Lockit::~_Lockit(void)",54,0.17,71,0,71,0,
"std::_Mutex::_Unlock(void)",1,0.00,30,0,30,0,
"std::_Ranit<int,int,int const *,int const &>::_Ranit<int,int,int const *,int const &>(void)",90,0.28,0,0,0,0,
"std::_Ranit<int,int,int const *,int const &>::~_Ranit<int,int,int const *,int const &>(void)",65,0.21,0,0,0,0,
"std::_String_base::_String_base(void)",1,0.00,0,0,0,0,
"std::_String_base::~_String_base(void)",4,0.01,0,0,0,0,
"std::_String_val<char,class std::allocator<char> >::_String_val<char,class std::allocator<char> >(class std::allocator<char>)",2,0.01,472,0,472,0,
"std::_String_val<char,class std::allocator<char> >::_String_val<char,class std::allocator<char> >(class std::allocator<char>)",1,0.00,473,0,473,0,
"std::_String_val<char,class std::allocator<char> >::~_String_val<char,class std::allocator<char> >(void)",13,0.04,0,0,0,0,
"std::_Traits_helper::copy_s<struct std::char_traits<char> >(char *,unsigned int,char const *,unsigned int)",2,0.01,589,0,589,0,
"std::_Traits_helper::copy_s<struct std::char_traits<char> >(char *,unsigned int,char const *,unsigned int)",2,0.01,590,0,590,0,
"std::_Traits_helper::copy_s<struct std::char_traits<char> >(char *,unsigned int,char const *,unsigned int,struct std::_Secure_char_traits_tag)",1,0.00,597,0,597,0,
"std::_Traits_helper::copy_s<struct std::char_traits<char> >(char *,unsigned int,char const *,unsigned int,struct std::_Secure_char_traits_tag)",1,0.00,598,0,598,0,
"std::_Traits_helper::move_s<struct std::char_traits<char> >(char *,unsigned int,char const *,unsigned int)",1,0.00,616,0,616,0,
"std::_Traits_helper::move_s<struct std::char_traits<char> >(char *,unsigned int,char const *,unsigned int)",1,0.00,617,0,617,0,
"std::allocator<char>::allocator<char>(class std::allocator<char> const &)",2,0.01,123,0,123,0,
"std::allocator<char>::allocator<char>(class std::allocator<char> const &)",4,0.01,125,0,125,0,
"std::allocator<char>::max_size(void)const ",10,0.03,164,0,164,0,
"std::allocator<char>::max_size(void)const ",2,0.01,165,0,165,0,
"std::allocator<char>::max_size(void)const ",9,0.03,166,0,166,0,
"std::allocator<char>::max_size(void)const ",24,0.08,167,0,167,0,
"std::allocator<int>::construct(int *,int const &)",24,0.08,154,0,154,0,
"std::allocator<int>::construct(int *,int const &)",38,0.12,155,0,155,0,
"std::allocator<int>::construct(int *,int const &)",25,0.08,156,0,156,0,
"std::allocator<int>::destroy(int *)",30,0.09,159,0,159,0,
"std::allocator<int>::destroy(int *)",7,0.02,160,0,160,0,
"std::allocator<int>::destroy(int *)",38,0.12,161,0,161,0,
"std::basic_ios<char,struct std::char_traits<char> >::rdbuf(void)const ",2,0.01,84,0,84,0,
"std::basic_ios<char,struct std::char_traits<char> >::rdbuf(void)const ",5,0.02,85,0,85,0,
"std::basic_ios<char,struct std::char_traits<char> >::rdbuf(void)const ",17,0.05,86,0,86,0,
"std::basic_ios<char,struct std::char_traits<char> >::setstate(int,bool)",1,0.00,53,0,53,0,
"std::basic_ios<char,struct std::char_traits<char> >::widen(char)const ",1,0.00,123,0,123,0,
"std::basic_ios<char,struct std::char_traits<char> >::widen(char)const ",2,0.01,125,0,125,0,
"std::basic_istream<char,struct std::char_traits<char> >::_Ipfx(bool)",2,0.01,93,0,93,0,
"std::basic_istream<char,struct std::char_traits<char> >::_Ipfx(bool)",1,0.00,117,0,117,0,
"std::basic_istream<char,struct std::char_traits<char> >::_Ipfx(bool)",1,0.00,118,0,118,0,
"std::basic_istream<char,struct std::char_traits<char> >::_Ipfx(bool)",2,0.01,122,0,122,0,
"std::basic_istream<char,struct std::char_traits<char> >::_Sentry_base::_Sentry_base(class std::basic_istream<char,struct std::char_traits<char> > &)",1,0.00,56,0,56,0,
"std::basic_istream<char,struct std::char_traits<char> >::_Sentry_base::_Sentry_base(class std::basic_istream<char,struct std::char_traits<char> > &)",1,0.00,58,0,58,0,
"std::basic_istream<char,struct std::char_traits<char> >::_Sentry_base::~_Sentry_base(void)",2,0.01,61,0,61,0,
"std::basic_istream<char,struct std::char_traits<char> >::_Sentry_base::~_Sentry_base(void)",1,0.00,63,0,63,0,
"std::basic_istream<char,struct std::char_traits<char> >::_Sentry_base::~_Sentry_base(void)",3,0.01,64,0,64,0,
"std::basic_istream<char,struct std::char_traits<char> >::sentry::~sentry(void)",3,0.01,0,0,0,0,
"std::basic_istream<char,struct std::char_traits<char> >::sentry::operator bool(void)const ",2,0.01,80,0,80,0,
"std::basic_istream<char,struct std::char_traits<char> >::sentry::sentry(class std::basic_istream<char,struct std::char_traits<char> > &,bool)",2,0.01,75,0,75,0,
"std::basic_istream<char,struct std::char_traits<char> >::sentry::sentry(class std::basic_istream<char,struct std::char_traits<char> > &,bool)",3,0.01,76,0,76,0,
"std::basic_streambuf<char,struct std::char_traits<char> >::_Gnavail(void)const ",2,0.01,245,0,245,0,
"std::basic_streambuf<char,struct std::char_traits<char> >::_Gnavail(void)const ",19,0.06,246,0,246,0,
"std::basic_streambuf<char,struct std::char_traits<char> >::_Gnavail(void)const ",6,0.02,247,0,247,0,
"std::basic_streambuf<char,struct std::char_traits<char> >::_Gninc(void)",1,0.00,235,0,235,0,
"std::basic_streambuf<char,struct std::char_traits<char> >::_Gnpreinc(void)",14,0.04,239,0,239,0,
"std::basic_streambuf<char,struct std::char_traits<char> >::_Gnpreinc(void)",18,0.06,240,0,240,0,
"std::basic_streambuf<char,struct std::char_traits<char> >::_Gnpreinc(void)",20,0.06,241,0,241,0,
"std::basic_streambuf<char,struct std::char_traits<char> >::_Gnpreinc(void)",8,0.03,242,0,242,0,
"std::basic_streambuf<char,struct std::char_traits<char> >::_Lock(void)",3,0.01,174,0,174,0,
"std::basic_streambuf<char,struct std::char_traits<char> >::gptr(void)const ",1,0.00,191,0,191,0,
"std::basic_streambuf<char,struct std::char_traits<char> >::sbumpc(void)",1,0.00,107,0,107,0,
"std::basic_streambuf<char,struct std::char_traits<char> >::sgetc(void)",1,0.00,110,0,110,0,
"std::basic_streambuf<char,struct std::char_traits<char> >::sgetc(void)",1,0.00,113,0,113,0,
"std::basic_streambuf<char,struct std::char_traits<char> >::snextc(void)",11,0.03,134,0,134,0,
"std::basic_streambuf<char,struct std::char_traits<char> >::snextc(void)",7,0.02,135,0,135,0,
"std::basic_string<char,struct std::char_traits<char>,class std::allocator<char> >::_Chassign(unsigned int,unsigned int,char)",5,0.02,"2,075",0,"2,075",0,
"std::basic_string<char,struct std::char_traits<char>,class std::allocator<char> >::_Chassign(unsigned int,unsigned int,char)",1,0.00,"2,076",0,"2,076",0,
"std::basic_string<char,struct std::char_traits<char>,class std::allocator<char> >::_Chassign(unsigned int,unsigned int,char)",3,0.01,"2,077",0,"2,077",0,
"std::basic_string<char,struct std::char_traits<char>,class std::allocator<char> >::_Chassign(unsigned int,unsigned int,char)",1,0.00,"2,078",0,"2,078",0,
"std::basic_string<char,struct std::char_traits<char>,class std::allocator<char> >::_Chassign(unsigned int,unsigned int,char)",1,0.00,"2,080",0,"2,080",0,
"std::basic_string<char,struct std::char_traits<char>,class std::allocator<char> >::_Eos(unsigned int)",7,0.02,"2,113",0,"2,113",0,
"std::basic_string<char,struct std::char_traits<char>,class std::allocator<char> >::_Eos(unsigned int)",18,0.06,"2,114",0,"2,114",0,
"std::basic_string<char,struct std::char_traits<char>,class std::allocator<char> >::_Eos(unsigned int)",6,0.02,"2,115",0,"2,115",0,
"std::basic_string<char,struct std::char_traits<char>,class std::allocator<char> >::_Grow(unsigned int,bool)",2,0.01,"2,119",0,"2,119",0,
"std::basic_string<char,struct std::char_traits<char>,class std::allocator<char> >::_Grow(unsigned int,bool)",13,0.04,"2,120",0,"2,120",0,
"std::basic_string<char,struct std::char_traits<char>,class std::allocator<char> >::_Grow(unsigned int,bool)",3,0.01,"2,122",0,"2,122",0,
"std::basic_string<char,struct std::char_traits<char>,class std::allocator<char> >::_Grow(unsigned int,bool)",2,0.01,"2,124",0,"2,124",0,
"std::basic_string<char,struct std::char_traits<char>,class std::allocator<char> >::_Grow(unsigned int,bool)",3,0.01,"2,127",0,"2,127",0,
"std::basic_string<char,struct std::char_traits<char>,class std::allocator<char> >::_Grow(unsigned int,bool)",5,0.02,"2,130",0,"2,130",0,
"std::basic_string<char,struct std::char_traits<char>,class std::allocator<char> >::_Myptr(void)",11,0.03,"2,169",0,"2,169",0,
"std::basic_string<char,struct std::char_traits<char>,class std::allocator<char> >::_Myptr(void)",33,0.10,"2,170",0,"2,170",0,
"std::basic_string<char,struct std::char_traits<char>,class std::allocator<char> >::_Myptr(void)",26,0.08,"2,171",0,"2,171",0,
"std::basic_string<char,struct std::char_traits<char>,class std::allocator<char> >::_Myptr(void)const ",4,0.01,"2,174",0,"2,174",0,
"std::basic_string<char,struct std::char_traits<char>,class std::allocator<char> >::_Myptr(void)const ",10,0.03,"2,175",0,"2,175",0,
"std::basic_string<char,struct std::char_traits<char>,class std::allocator<char> >::_Myptr(void)const ",13,0.04,"2,176",0,"2,176",0,
"std::basic_string<char,struct std::char_traits<char>,class std::allocator<char> >::_Tidy(bool,unsigned int)",2,0.01,"2,148",0,"2,148",0,
"std::basic_string<char,struct std::char_traits<char>,class std::allocator<char> >::_Tidy(bool,unsigned int)",1,0.00,"2,149",0,"2,149",0,
"std::basic_string<char,struct std::char_traits<char>,class std::allocator<char> >::_Tidy(bool,unsigned int)",1,0.00,"2,151",0,"2,151",0,
"std::basic_string<char,struct std::char_traits<char>,class std::allocator<char> >::_Tidy(bool,unsigned int)",1,0.00,"2,159",0,"2,159",0,
"std::basic_string<char,struct std::char_traits<char>,class std::allocator<char> >::_Tidy(bool,unsigned int)",2,0.01,"2,160",0,"2,160",0,
"std::basic_string<char,struct std::char_traits<char>,class std::allocator<char> >::~basic_string<char,struct std::char_traits<char>,class std::allocator<char> >(void)",3,0.01,905,0,905,0,
"std::basic_string<char,struct std::char_traits<char>,class std::allocator<char> >::~basic_string<char,struct std::char_traits<char>,class std::allocator<char> >(void)",2,0.01,907,0,907,0,
"std::basic_string<char,struct std::char_traits<char>,class std::allocator<char> >::append(unsigned int,char)",6,0.02,998,0,998,0,
"std::basic_string<char,struct std::char_traits<char>,class std::allocator<char> >::append(unsigned int,char)",9,0.03,999,0,999,0,
"std::basic_string<char,struct std::char_traits<char>,class std::allocator<char> >::append(unsigned int,char)",35,0.11,"1,003",0,"1,003",0,
"std::basic_string<char,struct std::char_traits<char>,class std::allocator<char> >::append(unsigned int,char)",6,0.02,"1,005",0,"1,005",0,
"std::basic_string<char,struct std::char_traits<char>,class std::allocator<char> >::append(unsigned int,char)",2,0.01,"1,006",0,"1,006",0,
"std::basic_string<char,struct std::char_traits<char>,class std::allocator<char> >::append(unsigned int,char)",3,0.01,"1,008",0,"1,008",0,
"std::basic_string<char,struct std::char_traits<char>,class std::allocator<char> >::append(unsigned int,char)",3,0.01,"1,009",0,"1,009",0,
"std::basic_string<char,struct std::char_traits<char>,class std::allocator<char> >::assign(class std::basic_string<char,struct std::char_traits<char>,class std::allocator<char> > const &,unsigned int,unsigned int)",1,0.00,"1,046",0,"1,046",0,
"std::basic_string<char,struct std::char_traits<char>,class std::allocator<char> >::assign(class std::basic_string<char,struct std::char_traits<char>,class std::allocator<char> > const &,unsigned int,unsigned int)",2,0.01,"1,047",0,"1,047",0,
"std::basic_string<char,struct std::char_traits<char>,class std::allocator<char> >::assign(class std::basic_string<char,struct std::char_traits<char>,class std::allocator<char> > const &,unsigned int,unsigned int)",2,0.01,"1,051",0,"1,051",0,
"std::basic_string<char,struct std::char_traits<char>,class std::allocator<char> >::assign(class std::basic_string<char,struct std::char_traits<char>,class std::allocator<char> > const &,unsigned int,unsigned int)",1,0.00,"1,053",0,"1,053",0,
"std::basic_string<char,struct std::char_traits<char>,class std::allocator<char> >::assign(class std::basic_string<char,struct std::char_traits<char>,class std::allocator<char> > const &,unsigned int,unsigned int)",2,0.01,"1,055",0,"1,055",0,
"std::basic_string<char,struct std::char_traits<char>,class std::allocator<char> >::assign(class std::basic_string<char,struct std::char_traits<char>,class std::allocator<char> > const &,unsigned int,unsigned int)",1,0.00,"1,057",0,"1,057",0,
"std::basic_string<char,struct std::char_traits<char>,class std::allocator<char> >::assign(class std::basic_string<char,struct std::char_traits<char>,class std::allocator<char> > const &,unsigned int,unsigned int)",1,0.00,"1,058",0,"1,058",0,
"std::basic_string<char,struct std::char_traits<char>,class std::allocator<char> >::assign(class std::basic_string<char,struct std::char_traits<char>,class std::allocator<char> > const &,unsigned int,unsigned int)",2,0.01,"1,061",0,"1,061",0,
"std::basic_string<char,struct std::char_traits<char>,class std::allocator<char> >::at(unsigned int)",1,0.00,"1,545",0,"1,545",0,
"std::basic_string<char,struct std::char_traits<char>,class std::allocator<char> >::basic_string<char,struct std::char_traits<char>,class std::allocator<char> >(class std::basic_string<char,struct std::char_traits<char>,class std::allocator<char> > const &,unsigned int,unsigned int,class std::allocator<char> const &)",3,0.01,624,0,624,0,
"std::basic_string<char,struct std::char_traits<char>,class std::allocator<char> >::basic_string<char,struct std::char_traits<char>,class std::allocator<char> >(class std::basic_string<char,struct std::char_traits<char>,class std::allocator<char> > const &,unsigned int,unsigned int,class std::allocator<char> const &)",1,0.00,632,0,632,0,
"std::basic_string<char,struct std::char_traits<char>,class std::allocator<char> >::basic_string<char,struct std::char_traits<char>,class std::allocator<char> >(class std::basic_string<char,struct std::char_traits<char>,class std::allocator<char> > const &,unsigned int,unsigned int,class std::allocator<char> const &)",4,0.01,633,0,633,0,
"std::basic_string<char,struct std::char_traits<char>,class std::allocator<char> >::c_str(void)const ",1,0.00,"1,650",0,"1,650",0,
"std::basic_string<char,struct std::char_traits<char>,class std::allocator<char> >::c_str(void)const ",1,0.00,"1,651",0,"1,651",0,
"std::basic_string<char,struct std::char_traits<char>,class std::allocator<char> >::c_str(void)const ",1,0.00,"1,652",0,"1,652",0,
"std::basic_string<char,struct std::char_traits<char>,class std::allocator<char> >::erase(unsigned int,unsigned int)",1,0.00,"1,262",0,"1,262",0,
"std::basic_string<char,struct std::char_traits<char>,class std::allocator<char> >::erase(unsigned int,unsigned int)",3,0.01,"1,263",0,"1,263",0,
"std::basic_string<char,struct std::char_traits<char>,class std::allocator<char> >::erase(unsigned int,unsigned int)",3,0.01,"1,265",0,"1,265",0,
"std::basic_string<char,struct std::char_traits<char>,class std::allocator<char> >::erase(unsigned int,unsigned int)",1,0.00,"1,275",0,"1,275",0,
"std::basic_string<char,struct std::char_traits<char>,class std::allocator<char> >::find_first_of(char const *,unsigned int)const ",1,0.00,"1,875",0,"1,875",0,
"std::basic_string<char,struct std::char_traits<char>,class std::allocator<char> >::find_first_of(char const *,unsigned int)const ",1,0.00,"1,876",0,"1,876",0,
"std::basic_string<char,struct std::char_traits<char>,class std::allocator<char> >::find_first_of(char const *,unsigned int,unsigned int)const ",1,0.00,"1,855",0,"1,855",0,
"std::basic_string<char,struct std::char_traits<char>,class std::allocator<char> >::find_first_of(char const *,unsigned int,unsigned int)const ",1,0.00,"1,859",0,"1,859",0,
"std::basic_string<char,struct std::char_traits<char>,class std::allocator<char> >::find_first_of(char const *,unsigned int,unsigned int)const ",10,0.03,"1,865",0,"1,865",0,
"std::basic_string<char,struct std::char_traits<char>,class std::allocator<char> >::find_first_of(char const *,unsigned int,unsigned int)const ",5,0.02,"1,866",0,"1,866",0,
"std::basic_string<char,struct std::char_traits<char>,class std::allocator<char> >::find_first_of(char const *,unsigned int,unsigned int)const ",2,0.01,"1,868",0,"1,868",0,
"std::basic_string<char,struct std::char_traits<char>,class std::allocator<char> >::find_first_of(char const *,unsigned int,unsigned int)const ",1,0.00,"1,871",0,"1,871",0,
"std::basic_string<char,struct std::char_traits<char>,class std::allocator<char> >::get_allocator(void)const ",3,0.01,"2,057",0,"2,057",0,
"std::basic_string<char,struct std::char_traits<char>,class std::allocator<char> >::get_allocator(void)const ",1,0.00,"2,058",0,"2,058",0,
"std::basic_string<char,struct std::char_traits<char>,class std::allocator<char> >::get_allocator(void)const ",1,0.00,"2,059",0,"2,059",0,
"std::basic_string<char,struct std::char_traits<char>,class std::allocator<char> >::length(void)const ",2,0.01,"1,662",0,"1,662",0,
"std::basic_string<char,struct std::char_traits<char>,class std::allocator<char> >::max_size(void)const ",9,0.03,"1,670",0,"1,670",0,
"std::basic_string<char,struct std::char_traits<char>,class std::allocator<char> >::max_size(void)const ",2,0.01,"1,671",0,"1,671",0,
"std::basic_string<char,struct std::char_traits<char>,class std::allocator<char> >::max_size(void)const ",16,0.05,"1,672",0,"1,672",0,
"std::basic_string<char,struct std::char_traits<char>,class std::allocator<char> >::max_size(void)const ",13,0.04,"1,673",0,"1,673",0,
"std::basic_string<char,struct std::char_traits<char>,class std::allocator<char> >::operator+=(char)",4,0.01,940,0,940,0,
"std::basic_string<char,struct std::char_traits<char>,class std::allocator<char> >::operator+=(char)",18,0.06,942,0,942,0,
"std::basic_string<char,struct std::char_traits<char>,class std::allocator<char> >::size(void)const ",8,0.03,"1,665",0,"1,665",0,
"std::basic_string<char,struct std::char_traits<char>,class std::allocator<char> >::size(void)const ",2,0.01,"1,666",0,"1,666",0,
"std::basic_string<char,struct std::char_traits<char>,class std::allocator<char> >::size(void)const ",5,0.02,"1,667",0,"1,667",0,
"std::basic_string<char,struct std::char_traits<char>,class std::allocator<char> >::substr(unsigned int,unsigned int)const ",7,0.02,"1,999",0,"1,999",0,
"std::basic_string<char,struct std::char_traits<char>,class std::allocator<char> >::substr(unsigned int,unsigned int)const ",1,0.00,"2,000",0,"2,000",0,
"std::char_traits<char>::_Copy_s(char *,unsigned int,char const *,unsigned int)",1,0.00,462,0,462,0,
"std::char_traits<char>::_Copy_s(char *,unsigned int,char const *,unsigned int)",1,0.00,465,0,465,0,
"std::char_traits<char>::assign(char &,char const &)",8,0.03,424,0,424,0,
"std::char_traits<char>::assign(char &,char const &)",6,0.02,425,0,425,0,
"std::char_traits<char>::assign(char &,char const &)",11,0.03,426,0,426,0,
"std::char_traits<char>::eof(void)",6,0.02,516,0,516,0,
"std::char_traits<char>::eof(void)",12,0.04,518,0,518,0,
"std::char_traits<char>::eq_int_type(int const &,int const &)",6,0.02,511,0,511,0,
"std::char_traits<char>::eq_int_type(int const &,int const &)",4,0.01,512,0,512,0,
"std::char_traits<char>::eq_int_type(int const &,int const &)",14,0.04,513,0,513,0,
"std::char_traits<char>::find(char const *,unsigned int,char const &)",5,0.02,471,0,471,0,
"std::char_traits<char>::find(char const *,unsigned int,char const &)",5,0.02,473,0,473,0,
"std::char_traits<char>::find(char const *,unsigned int,char const &)",3,0.01,474,0,474,0,
"std::char_traits<char>::length(char const *)",1,0.00,447,0,447,0,
"std::char_traits<char>::length(char const *)",1,0.00,450,0,450,0,
"std::char_traits<char>::to_char_type(int const &)",3,0.01,500,0,500,0,
"std::char_traits<char>::to_char_type(int const &)",2,0.01,501,0,501,0,
"std::char_traits<char>::to_char_type(int const &)",1,0.00,502,0,502,0,
"std::char_traits<char>::to_int_type(char const &)",7,0.02,505,0,505,0,
"std::char_traits<char>::to_int_type(char const &)",3,0.01,507,0,507,0,
"std::ctype<char>::widen(char)const ",1,0.00,"1,715",0,"1,715",0,
"std::ctype<char>::widen(char)const ",3,0.01,"1,716",0,"1,716",0,
"std::deque<int,class std::allocator<int> >::_Growmap(unsigned int)",1,0.00,"1,231",0,"1,231",0,
"std::deque<int,class std::allocator<int> >::_Orphan_off(unsigned int)const ",26,0.08,"1,291",0,"1,291",0,
"std::deque<int,class std::allocator<int> >::_Orphan_off(unsigned int)const ",91,0.29,"1,292",0,"1,292",0,
"std::deque<int,class std::allocator<int> >::_Orphan_off(unsigned int)const ",112,0.35,"1,295",0,"1,295",0,
"std::deque<int,class std::allocator<int> >::_Orphan_off(unsigned int)const ",11,0.03,"1,296",0,"1,296",0,
"std::deque<int,class std::allocator<int> >::_Orphan_off(unsigned int)const ",4,0.01,"1,297",0,"1,297",0,
"std::deque<int,class std::allocator<int> >::_Orphan_off(unsigned int)const ",8,0.03,"1,299",0,"1,299",0,
"std::deque<int,class std::allocator<int> >::_Orphan_off(unsigned int)const ",18,0.06,"1,300",0,"1,300",0,
"std::deque<int,class std::allocator<int> >::_Orphan_off(unsigned int)const ",11,0.03,"1,301",0,"1,301",0,
"std::deque<int,class std::allocator<int> >::_Orphan_off(unsigned int)const ",53,0.17,"1,309",0,"1,309",0,
"std::deque<int,class std::allocator<int> >::begin(void)",28,0.09,665,0,665,0,
"std::deque<int,class std::allocator<int> >::begin(void)",53,0.17,666,0,666,0,
"std::deque<int,class std::allocator<int> >::begin(void)",42,0.13,667,0,667,0,
"std::deque<int,class std::allocator<int> >::empty(void)const ",44,0.14,733,0,733,0,
"std::deque<int,class std::allocator<int> >::empty(void)const ",110,0.35,734,0,734,0,
"std::deque<int,class std::allocator<int> >::empty(void)const ",75,0.24,735,0,735,0,
"std::deque<int,class std::allocator<int> >::front(void)",53,0.17,779,0,779,0,
"std::deque<int,class std::allocator<int> >::front(void)",126,0.40,780,0,780,0,
"std::deque<int,class std::allocator<int> >::front(void)",144,0.45,781,0,781,0,
"std::deque<int,class std::allocator<int> >::pop_front(void)",31,0.10,819,0,819,0,
"std::deque<int,class std::allocator<int> >::pop_front(void)",49,0.15,822,0,822,0,
"std::deque<int,class std::allocator<int> >::pop_front(void)",20,0.06,826,0,826,0,
"std::deque<int,class std::allocator<int> >::pop_front(void)",18,0.06,833,0,833,0,
"std::deque<int,class std::allocator<int> >::pop_front(void)",357,1.13,834,0,834,0,
"std::deque<int,class std::allocator<int> >::pop_front(void)",112,0.35,835,0,835,0,
"std::deque<int,class std::allocator<int> >::pop_front(void)",31,0.10,837,0,837,0,
"std::deque<int,class std::allocator<int> >::pop_front(void)",34,0.11,840,0,840,0,
"std::deque<int,class std::allocator<int> >::push_back(int const &)",23,0.07,843,0,843,0,
"std::deque<int,class std::allocator<int> >::push_back(int const &)",51,0.16,846,0,846,0,
"std::deque<int,class std::allocator<int> >::push_back(int const &)",408,1.29,850,0,850,0,
"std::deque<int,class std::allocator<int> >::push_back(int const &)",60,0.19,852,0,852,0,
"std::deque<int,class std::allocator<int> >::push_back(int const &)",41,0.13,853,0,853,0,
"std::deque<int,class std::allocator<int> >::push_back(int const &)",28,0.09,854,0,854,0,
"std::deque<int,class std::allocator<int> >::push_back(int const &)",18,0.06,855,0,855,0,
"std::deque<int,class std::allocator<int> >::push_back(int const &)",72,0.23,856,0,856,0,
"std::deque<int,class std::allocator<int> >::push_back(int const &)",384,1.21,858,0,858,0,
"std::deque<int,class std::allocator<int> >::push_back(int const &)",47,0.15,859,0,859,0,
"std::deque<int,class std::allocator<int> >::push_back(int const &)",33,0.10,860,0,860,0,
"std::getline<char,struct std::char_traits<char>,class std::allocator<char> >(class std::basic_istream<char,struct std::char_traits<char> > &,class std::basic_string<char,struct std::char_traits<char>,class std::allocator<char> > &)",5,0.02,531,0,531,0,
"std::getline<char,struct std::char_traits<char>,class std::allocator<char> >(class std::basic_istream<char,struct std::char_traits<char> > &,class std::basic_string<char,struct std::char_traits<char>,class std::allocator<char> > &)",4,0.01,532,0,532,0,
"std::getline<char,struct std::char_traits<char>,class std::allocator<char> >(class std::basic_istream<char,struct std::char_traits<char> > &,class std::basic_string<char,struct std::char_traits<char>,class std::allocator<char> > &,char)",1,0.00,479,0,479,0,
"std::getline<char,struct std::char_traits<char>,class std::allocator<char> >(class std::basic_istream<char,struct std::char_traits<char> > &,class std::basic_string<char,struct std::char_traits<char>,class std::allocator<char> > &,char)",2,0.01,491,0,491,0,
"std::getline<char,struct std::char_traits<char>,class std::allocator<char> >(class std::basic_istream<char,struct std::char_traits<char> > &,class std::basic_string<char,struct std::char_traits<char>,class std::allocator<char> > &,char)",36,0.11,493,0,493,0,
"std::getline<char,struct std::char_traits<char>,class std::allocator<char> >(class std::basic_istream<char,struct std::char_traits<char> > &,class std::basic_string<char,struct std::char_traits<char>,class std::allocator<char> > &,char)",15,0.05,494,0,494,0,
"std::getline<char,struct std::char_traits<char>,class std::allocator<char> >(class std::basic_istream<char,struct std::char_traits<char> > &,class std::basic_string<char,struct std::char_traits<char>,class std::allocator<char> > &,char)",7,0.02,499,0,499,0,
"std::getline<char,struct std::char_traits<char>,class std::allocator<char> >(class std::basic_istream<char,struct std::char_traits<char> > &,class std::basic_string<char,struct std::char_traits<char>,class std::allocator<char> > &,char)",3,0.01,502,0,502,0,
"std::getline<char,struct std::char_traits<char>,class std::allocator<char> >(class std::basic_istream<char,struct std::char_traits<char> > &,class std::basic_string<char,struct std::char_traits<char>,class std::allocator<char> > &,char)",17,0.05,505,0,505,0,
"std::getline<char,struct std::char_traits<char>,class std::allocator<char> >(class std::basic_istream<char,struct std::char_traits<char> > &,class std::basic_string<char,struct std::char_traits<char>,class std::allocator<char> > &,char)",12,0.04,512,0,512,0,
"std::getline<char,struct std::char_traits<char>,class std::allocator<char> >(class std::basic_istream<char,struct std::char_traits<char> > &,class std::basic_string<char,struct std::char_traits<char>,class std::allocator<char> > &,char)",7,0.02,513,0,513,0,
"std::getline<char,struct std::char_traits<char>,class std::allocator<char> >(class std::basic_istream<char,struct std::char_traits<char> > &,class std::basic_string<char,struct std::char_traits<char>,class std::allocator<char> > &,char)",7,0.02,514,0,514,0,
"std::getline<char,struct std::char_traits<char>,class std::allocator<char> >(class std::basic_istream<char,struct std::char_traits<char> > &,class std::basic_string<char,struct std::char_traits<char>,class std::allocator<char> > &,char)",2,0.01,522,0,522,0,
"std::ios_base::getloc(void)const ",1,0.00,431,0,431,0,
"std::ios_base::good(void)const ",2,0.01,334,0,334,0,
"std::ios_base::good(void)const ",1,0.00,335,0,335,0,
"std::ios_base::rdstate(void)const ",1,0.00,310,0,310,0,
"std::ios_base::rdstate(void)const ",2,0.01,312,0,312,0,
"std::locale::_Getfacet(unsigned int)const ",1,0.00,414,0,414,0,
"std::locale::~locale(void)",1,0.00,390,0,390,0,
"std::locale::~locale(void)",2,0.01,393,0,393,0,
"std::locale::facet::_Decref(void)",1,0.00,131,0,131,0,
"std::locale::facet::_Incref(void)",3,0.01,117,0,117,0,
"std::locale::facet::_Incref(void)",1,0.00,120,0,120,0,
"std::min<int>(int const &,int const &)",4,0.01,"3,372",0,"3,372",0,
"std::min<int>(int const &,int const &)",9,0.03,"3,373",0,"3,373",0,
"std::min<int>(int const &,int const &)",7,0.02,"3,374",0,"3,374",0,
"std::queue<int,class std::deque<int,class std::allocator<int> > >::empty(void)const ",58,0.18,40,0,40,0,
"std::queue<int,class std::deque<int,class std::allocator<int> > >::empty(void)const ",37,0.12,41,0,41,0,
"std::queue<int,class std::deque<int,class std::allocator<int> > >::empty(void)const ",65,0.21,42,0,42,0,
"std::queue<int,class std::deque<int,class std::allocator<int> > >::front(void)",25,0.08,50,0,50,0,
"std::queue<int,class std::deque<int,class std::allocator<int> > >::front(void)",59,0.19,51,0,51,0,
"std::queue<int,class std::deque<int,class std::allocator<int> > >::front(void)",163,0.51,52,0,52,0,
"std::queue<int,class std::deque<int,class std::allocator<int> > >::pop(void)",54,0.17,75,0,75,0,
"std::queue<int,class std::deque<int,class std::allocator<int> > >::pop(void)",44,0.14,76,0,76,0,
"std::queue<int,class std::deque<int,class std::allocator<int> > >::pop(void)",77,0.24,77,0,77,0,
"std::queue<int,class std::deque<int,class std::allocator<int> > >::push(int const &)",17,0.05,70,0,70,0,
"std::queue<int,class std::deque<int,class std::allocator<int> > >::push(int const &)",16,0.05,71,0,71,0,
"std::queue<int,class std::deque<int,class std::allocator<int> > >::push(int const &)",36,0.11,72,0,72,0,
"std::use_facet<class std::ctype<char> >(class std::locale const &)",1,0.00,491,0,491,0,
"strtoxl",1,0.00,80,0,80,0,
"strtoxl",1,0.00,86,0,86,0,
"strtoxl",1,0.00,89,0,89,0,
"strtoxl",3,0.01,94,0,94,0,
"strtoxl",2,0.01,95,0,95,0,
"strtoxl",7,0.02,101,0,101,0,
"strtoxl",8,0.03,149,0,149,0,
"strtoxl",20,0.06,154,0,154,0,
"strtoxl",5,0.02,155,0,155,0,
"strtoxl",4,0.01,156,0,156,0,
"strtoxl",9,0.03,160,0,160,0,
"strtoxl",3,0.01,164,0,164,0,
"strtoxl",3,0.01,173,0,173,0,
"strtoxl",1,0.00,188,0,188,0,
"strtoxl",1,0.00,190,0,190,0,
"strtoxl",1,0.00,213,0,213,0,
